RelA.Amplitude,RelA.Peaktime,RelA.AUC,RelA.NOC,RelA.Duration,RelA.1st.rising.slope,RelA.Attenuation.rate,RelA.Period,cRel.Amplitude,cRel.Peaktime,cRel.AUC,cRel.NOC,cRel.Duration,cRel.1st.rising.slope,cRel.Attenuation.rate,cRel.Period,ligand
638.5685616,0.466666667,17513.14334,3,8.866666667,787.1679361,-17.77500425,3.15,621.2895338,1.4,20234.76739,2,12.13333333,459.4686945,-2.009708099,1.575,1
648.9123702,1.05,23056.5859,0,12.6,464.7670657,-7.676880969,12.6,576.532113,1.283333333,27069.46293,0,12.6,268.473662,-69.62083863,12.6,1
995.2603214,0.466666667,32018.9953,0,9.45,849.8496634,-55.68608267,12.6,682.5673479,1.283333333,26534.0575,0,12.6,776.92168,-29.98946087,12.6,1
655.7397525,0.466666667,16681.69407,1,12.13333333,618.9564228,-6.53416967,2.1,543.9833755,0.7,21569.15611,2,12.6,312.1339796,-7.504842064,3.15,1
1091.187662,1.166666667,35089.26638,1,11.55,1053.700433,-48.77258181,1.8,789.7139265,1.4,31713.45641,1,12.48333333,557.6713734,-18.8262608,1.8,1
444.9648426,0.35,21171.83164,1,12.6,619.3612544,-22.0861537,1.8,700.0707054,0.466666667,51311.40352,0,12.6,284.2700453,-34.33169196,12.6,1
731.549359,0.466666667,39631.61452,1,12.6,853.5092164,-1.286534945,3.15,707.6594382,1.283333333,39808.53572,1,12.48333333,466.7240745,7.689057136,1.575,1
904.6946224,0.466666667,31230.42469,0,9.916666667,826.1132087,-56.19942716,12.6,588.8680521,1.283333333,24695.29882,1,12.6,428.6918867,-17.42221913,1.8,1
680.0581789,0.35,31030.97158,0,5.6,298.3818589,-68.28709318,12.6,464.9380351,0.466666667,19568.18083,0,10.96666667,183.8539456,-30.62111195,12.6,1
1190.508905,0.466666667,40920.8827,2,10.5,1605.716847,-34.87553596,3.15,1001.271605,1.866666667,51240.76921,3,11.08333333,647.130502,41.09612538,2.52,1
328.5831826,0.35,12986.22085,1,11.31666667,191.9669415,-14.22899017,2.52,529.1513163,1.516666667,16182.07158,1,11.55,103.8087584,-17.4817395,2.1,1
833.6196844,0.933333333,21601.85894,1,7.933333333,14.58743407,-36.61108874,3.15,979.9279598,1.75,33404.9911,2,12.48333333,673.7621249,-20.13393855,3.15,1
628.1771758,0.583333333,22346.04522,1,8.866666667,784.280181,-46.40881708,2.52,463.2904735,1.05,15609.48549,1,10.03333333,412.2696461,-22.78226779,2.52,1
778.2172503,0.933333333,24290.05547,2,7.816666667,798.0659375,-53.94116383,1.4,688.9854178,1.4,22780.3932,0,11.9,384.0184508,-28.95168297,12.6,1
924.2859014,0.816666667,35409.5631,0,12.25,1569.647261,-46.28096068,12.6,792.5719552,1.516666667,38189.36178,0,12.48333333,773.1210628,-23.27395692,12.6,1
908.56081,0.35,41681.13186,4,11.78333333,1116.495632,-21.41409663,3.15,1013.48536,1.75,48011.82052,4,12.6,641.1597612,0.660777264,3.15,1
990.3872473,0.933333333,27500.12018,0,7.466666667,766.6761027,-54.75137861,12.6,579.8504571,1.166666667,19177.41611,0,11.08333333,289.1645145,-33.04974664,12.6,1
910.900504,0.7,32199.00884,0,8.75,747.1107073,-56.29850618,12.6,643.1713388,1.516666667,25361.12104,2,12.48333333,559.9461907,-21.82963651,1.26,1
739.1495733,0.466666667,23877.95068,0,11.66666667,1358.287789,-35.90043457,12.6,892.4905888,1.283333333,29750.24142,0,12.6,906.1912772,-30.72473648,12.6,1
854.7889193,0.933333333,22543.24817,0,8.166666667,553.473991,-38.31878862,12.6,660.2972652,1.4,20900.87575,0,11.55,387.6040268,-27.15330037,12.6,1
555.4504659,0.466666667,15972.75174,1,10.03333333,647.2492065,-20.22531985,3.15,745.9062654,1.75,19510.5503,0,12.13333333,285.6544678,-18.53072872,12.6,1
1263.134796,0.466666667,36923.84364,2,9.1,1559.582923,-55.48942401,2.52,964.770059,1.4,29837.53966,1,12.01666667,609.8651944,-23.83471274,0.969230769,1
729.0067319,0.466666667,17784.41948,0,10.85,288.9392388,-19.77415136,6.3,502.2707236,1.166666667,18431.88792,0,12.6,431.1320216,-16.87678282,6.3,1
569.2699812,0.7,17049.68937,0,11.31666667,735.0220083,-23.72688875,12.6,669.3671916,0.816666667,21604.17308,3,12.6,363.3817162,3.290544301,1.8,1
828.0432926,0.7,23060.82099,3,7.35,1006.643657,-36.278513,2.1,946.6909893,1.4,22382.4511,0,8.4,437.7907157,-32.61393658,12.6,1
1043.186585,0.933333333,32258.23491,1,9.8,1166.451967,-49.6489564,2.1,766.6653548,1.283333333,22732.32573,0,10.96666667,605.8543235,-28.85700486,12.6,1
570.5820612,0.466666667,23370.14381,1,11.2,776.5427654,-24.76581098,3.15,633.3212914,1.516666667,28428.12059,0,12.48333333,327.1397548,-12.94454231,6.3,1
609.4899222,1.05,35447.24374,1,12.6,568.9711835,-0.118722944,2.52,753.1454395,1.166666667,43452.29855,2,12.6,414.7445317,11.22847352,2.52,1
770.2919958,0.466666667,38237.57614,1,12.6,900.6293798,-21.26679663,3.15,786.332333,1.4,34281.6621,1,12.6,508.424151,-11.81210618,3.15,1
663.2488317,1.05,21261.32412,2,10.15,457.9868376,-26.33697366,3.15,816.5365008,1.166666667,39303.74999,1,12.6,491.9994178,-8.040964527,2.52,1
1054.227445,0.466666667,37043.70996,0,8.283333333,773.2747799,-73.81606996,12.6,860.1692366,1.516666667,32865.41747,0,12.48333333,462.1983399,-38.05021376,12.6,1
952.9139791,0.583333333,37823.21578,0,12.48333333,1605.897149,-41.09126844,12.6,741.3241183,1.4,27793.22775,1,12.36666667,498.3876741,-21.74875715,1.4,1
666.5050884,1.05,21674.78081,1,10.85,821.2069102,-27.7532868,3.15,537.9093283,1.283333333,19567.46595,0,12.6,334.5970154,-12.87978529,6.3,1
686.3376602,0.816666667,23290.35031,3,12.13333333,794.7213235,-22.29838065,3.15,691.7759411,1.4,35268.92701,2,12.6,481.7637396,-0.527011532,3.15,1
888.3533415,0.933333333,25119.3578,1,8.05,926.0578274,-40.2740665,1.8,846.7034278,1.166666667,23265.14655,1,10.73333333,561.4801794,-30.26799962,1.8,1
876.7198016,0.35,40494.22215,1,12.6,1296.901001,-29.55129871,2.1,785.219333,1.4,30511.88957,0,12.6,702.8035466,-30.09132776,12.6,1
828.0605056,0.466666667,26326.02685,0,8.633333333,533.4246776,-52.94117972,12.6,630.3389,1.75,22066.59934,0,12.6,597.2066181,-23.43712891,12.6,1
798.7464211,1.05,29179.80642,1,8.866666667,803.982741,-61.68810333,1.575,640.8382152,1.4,25309.04999,2,10.26666667,432.9737925,-43.57956809,1.575,1
749.5111064,0.466666667,14734.1647,1,4.666666667,282.7843317,-22.77346446,1.575,435.0873272,1.4,12603.8251,3,12.6,299.3171833,-2.662768466,1.575,1
859.7916227,0.7,32603.58211,0,12.6,378.2184982,-18.95512452,12.6,641.8521779,1.166666667,33200.92483,1,12.6,440.8359508,6.5489884,2.52,1
675.5013967,0.35,16322.24251,2,9.1,766.4376878,-28.33036988,2.1,522.8213722,1.05,12901.05571,3,12.25,340.8242628,-5.650895538,3.15,1
1056.361459,0.466666667,53251.99499,0,12.48333333,923.4221054,-52.90126499,12.6,892.0019245,1.633333333,44112.9358,0,12.6,843.8892423,-28.65256005,12.6,1
1055.486541,0.466666667,33014.85399,1,7,1205.093602,-59.77444082,2.52,748.1511496,1.4,26361.73132,1,12.48333333,602.8577864,-23.39550477,2.52,1
909.5713348,0.933333333,27888.69387,0,11.78333333,674.0158178,-31.49391028,12.6,532.9837279,1.05,18799.4973,0,12.6,296.9023954,-10.66517736,6.3,1
825.0804863,0.466666667,26376.49722,1,11.78333333,1036.041429,-33.48676964,2.52,644.275369,1.4,26609.62908,2,12.6,493.6350005,1.827727903,2.1,1
1003.80304,1.4,34542.51154,2,12.13333333,770.7675187,-32.79929456,2.1,781.4432166,1.516666667,35838.83522,2,12.6,441.5398863,-4.032607805,2.1,1
966.739181,0.7,37463.48767,0,12.6,600.9346936,-32.34628527,12.6,713.8992853,1.4,23932.51386,0,12.25,375.6462006,-23.3270223,12.6,1
1258.717054,0.583333333,47018.11854,1,12.6,1644.544356,-47.86606877,1.575,822.4504952,0.933333333,43685.97476,1,12.6,744.4635139,-6.879590049,3.15,1
596.0600718,1.05,24167.67975,2,12.36666667,648.4606826,-7.792459567,3.15,588.4876324,1.516666667,27377.11151,1,12.6,400.3286702,9.292407234,3.15,1
1042.861387,0.466666667,27188.2793,2,9.916666667,1456.612466,-32.57322301,2.1,833.9919125,1.283333333,34177.3544,2,12.6,894.141801,-9.126834991,3.15,1
886.9941871,1.166666667,36906.69128,2,12.48333333,862.2691303,-30.58338908,2.52,998.7669169,1.4,45533.37684,0,12.6,560.8530515,-23.48640197,6.3,1
982.4021399,0.7,51202.05529,0,12.6,1582.261555,-32.64388594,6.3,940.6836815,1.4,45883.8094,0,12.6,980.7031073,-31.37867584,6.3,1
1112.349994,0.933333333,38475.23146,3,10.85,964.2590354,-49.66353393,1.145454545,1037.976519,1.283333333,53513.59301,2,11.78333333,820.3502924,-36.3616743,1.145454545,1
609.8271996,0.35,13786.33931,0,9.45,416.6946651,-21.52778463,12.6,592.1315786,0.466666667,20206.61852,2,7.933333333,384.943421,-31.40305664,1.8,1
797.4097925,0.466666667,33696.01849,0,12.6,634.9309153,-24.6454753,6.3,567.917718,1.4,21998.8505,1,12.6,375.1372198,-6.506921531,3.15,1
974.764551,0.583333333,25677.67445,0,10.38333333,1399.529795,-40.09643424,12.6,544.2299008,0.7,27244.70681,0,12.6,231.0449016,-9.507229156,6.3,1
834.4769754,1.283333333,23424.85268,0,10.5,436.0561184,-37.23176079,12.6,853.5469864,1.4,32571.52305,2,11.78333333,449.9010372,-47.51647013,2.52,1
996.0346486,0.466666667,29306.95536,0,7.116666667,664.794714,-50.34811638,12.6,671.4108331,1.05,18047.45826,0,10.15,349.0142866,-24.04163283,12.6,1
1100.7716,1.75,38495.08807,1,10.85,960.4974139,-53.21559572,1.8,791.174592,1.983333333,33422.35352,0,11.78333333,747.414255,-26.00345788,12.6,1
635.6621083,1.05,16476.98299,0,6.416666667,533.9228398,-31.87821913,12.6,723.9315111,1.283333333,18572.85493,1,12.25,598.7554887,-16.08968355,2.1,1
982.2075935,0.466666667,39825.77686,1,11.78333333,1354.878017,-42.04658218,3.15,758.5575759,1.633333333,33396.85869,0,12.48333333,340.3237166,-17.17703712,6.3,1
875.4981247,0.466666667,27309.05032,0,9.333333333,614.1359368,-49.78244985,12.6,753.7751958,1.4,20014.23176,0,9.45,419.9637658,-35.03236707,12.6,1
727.4508225,1.05,19242.5415,2,10.15,461.31326,-23.49147989,1.4,775.2128504,1.4,20882.6308,1,10.61666667,500.973223,-29.26000972,2.1,1
707.3861112,0.466666667,21274.63165,0,9.216666667,968.7679372,-35.91989139,12.6,585.2595007,1.166666667,15967.72966,1,11.43333333,242.4115846,-19.04745536,2.1,1
764.1734136,0.466666667,21534.85002,0,11.78333333,633.5449231,-30.34350432,12.6,569.0505532,1.05,17107.84945,0,12.6,542.1464643,-12.64277874,12.6,1
1073.059544,0.583333333,25475.59024,0,7.583333333,731.7313294,-48.55990993,12.6,832.3693511,1.166666667,29286.2916,0,12.6,262.2231607,-26.30777702,12.6,1
1133.374163,0.933333333,39691.57849,2,10.73333333,932.1048673,-50.1987212,1.8,674.0201367,1.166666667,24438.86677,2,12.48333333,386.7240346,-19.9465437,1.8,1
926.9011957,0.7,61247.08481,0,12.6,499.4234958,-19.20915074,12.6,921.606243,1.05,51693.48811,0,12.48333333,895.3910114,-20.72660741,12.6,1
1159.983797,0.466666667,34580.35512,0,7.116666667,896.8577747,-65.02638467,12.6,857.0020778,1.283333333,28722.52048,0,11.31666667,268.8091512,-41.2051623,12.6,1
1088.680706,1.283333333,33170.31886,0,12.01666667,874.2408197,-29.45717489,6.3,716.6762182,1.4,25868.49424,0,12.48333333,437.2249631,-10.18709143,6.3,1
912.1778259,0.583333333,42830.8953,0,12.48333333,1601.900372,-51.36331439,12.6,633.8320056,1.4,33946.16286,0,12.6,385.9654894,-40.98111511,12.6,1
1186.369113,0.583333333,34266.88704,0,5.6,2066.737234,-78.89078005,12.6,998.3726805,1.516666667,37439.59002,0,12.01666667,1027.030776,-47.84239498,12.6,1
641.2472295,0.583333333,23214.6358,2,3.616666667,686.8344605,-38.68333124,2.52,626.354265,1.4,24514.61244,2,4.666666667,450.1307996,-28.99267295,2.1,1
1057.129128,0.466666667,49304.82956,1,10.5,1074.035541,-64.59610078,2.52,750.5929067,1.633333333,34070.14384,1,12.6,426.0494421,-36.79838213,2.52,1
989.576076,0.583333333,38417.19689,0,12.6,1642.424027,-36.40703507,12.6,756.2642892,1.516666667,31836.33901,0,12.48333333,678.2658802,-30.93567387,12.6,1
1547.126523,0.466666667,48982.25852,0,3.033333333,1092.513459,-85.23538908,12.6,896.8251116,1.4,23556.66719,0,5.366666667,158.9227115,-48.2407826,12.6,1
1065.036387,0.35,41221.67401,0,10.85,876.7838535,-67.01092826,12.6,1224.108813,1.983333333,60228.38536,0,12.6,592.7909487,-40.86080468,12.6,1
725.0533453,0.466666667,41354.01145,0,12.6,645.4924733,-36.0601613,12.6,867.5615924,1.4,40815.29363,0,12.6,467.290395,-30.97644109,12.6,1
957.179113,0.466666667,40111.10708,1,3.033333333,660.0590874,-43.35892929,2.52,1246.733576,1.166666667,57810.28207,3,5.133333333,485.1431358,-86.44438992,2.1,1
710.3383113,0.583333333,27943.1356,2,11.31666667,921.6749314,-27.165501,1.8,518.0780686,1.283333333,18359.87108,2,11.31666667,348.2922014,-14.92984384,2.52,1
1666.123614,0.466666667,48623.06785,0,8.516666667,1376.689807,-95.27900973,12.6,753.3490993,0.933333333,33388.22972,0,12.6,876.3332038,-23.42798137,6.3,1
1195.9829,0.466666667,58050.77694,1,11.78333333,1689.438742,-54.81037805,3.15,747.8132917,1.516666667,38646.40649,1,12.6,570.419456,-24.78665009,3.15,1
1172.757516,1.283333333,44969.85542,0,11.31666667,1663.387166,-60.07308764,12.6,910.9253611,1.283333333,39513.50224,0,12.48333333,815.1100006,-37.54331394,12.6,1
1155.240827,0.466666667,37223.47176,1,5.833333333,1385.294829,-69.1928611,1.575,891.5181267,1.516666667,28270.99893,0,12.6,644.2380941,-35.47131636,12.6,1
700.206238,0.35,37794.58678,1,12.6,968.5444743,-9.445445424,2.52,758.8146128,0.35,40369.66161,1,12.6,594.8166904,-25.4599597,1.26,1
763.2446102,0.583333333,24914.62899,2,10.96666667,856.7043703,-30.07150006,1.575,476.7246438,0.583333333,26349.76374,1,12.6,310.7012728,-7.902191727,1.8,1
707.0232689,0.583333333,18487.81328,1,9.916666667,904.6784324,-33.5684074,1.8,803.4191437,1.05,21563.17704,1,10.5,633.60684,-31.86948347,1.8,1
687.5539225,0.466666667,20220.046,0,10.15,545.956267,-29.75678803,12.6,653.8618851,1.4,22906.65794,0,12.6,342.4672023,-19.47781835,12.6,1
1277.088409,0.466666667,33377.77296,0,7.816666667,805.3384983,-63.90687254,12.6,615.686333,0.583333333,19737.64814,0,12.13333333,513.5861537,-23.52720338,12.6,1
956.3651013,0.466666667,26637.05746,2,9.566666667,1185.253814,-28.5784872,2.1,475.1092118,1.4,11047.60969,0,9.216666667,251.773992,-20.01398727,12.6,1
576.8286715,0.466666667,24290.56208,1,7.233333333,549.9371275,-52.94252559,1.26,502.0644135,1.75,19788.33338,0,12.6,236.7044329,-22.17744133,12.6,1
718.4237345,0.466666667,21539.6129,2,10.03333333,910.40456,-26.39587253,3.15,585.720565,1.283333333,24415.5909,1,12.6,555.0595747,-16.20274408,3.15,1
450.7431844,0.583333333,17650.35402,1,12.25,459.1773481,-21.13718763,2.1,451.8411895,1.283333333,14288.39683,0,12.6,164.981834,-14.95426896,12.6,1
745.1855919,0.466666667,31792.20266,0,10.96666667,532.2388695,-42.19657033,12.6,616.7420178,1.4,32750.87163,1,12.6,435.9605516,-15.59541153,1.8,1
1005.781865,0.35,27571.06304,0,9.45,975.4907729,-51.22748666,12.6,775.2872991,1.166666667,21194.55549,0,12.25,533.5853931,-23.30670821,12.6,1
962.6814158,0.466666667,29609.6176,0,8.75,619.1260744,-48.12430761,12.6,421.8588776,0.466666667,18858.53815,2,12.6,334.678749,-18.18965005,1.8,1
1015.266232,0.35,33869.53555,1,10.5,1373.809708,-53.70223224,2.52,531.882038,1.166666667,22960.38095,1,12.6,493.9098632,-12.30224597,3.15,1
1176.073077,0.35,39727.20315,1,12.6,1538.335288,-40.79444625,2.1,699.2142725,1.166666667,32818.44972,1,12.6,601.866147,-10.4078014,3.15,1
992.2696536,1.166666667,40532.0182,1,12.36666667,1046.394563,-49.22252523,2.52,834.5692345,1.283333333,32312.97828,1,12.48333333,505.3028559,-32.19417485,2.1,1
967.0265185,0.466666667,33557.11322,1,7.583333333,1411.193875,-66.85226418,1.8,792.078165,1.166666667,40795.88944,2,12.6,656.7018955,-4.662300633,2.52,1
951.3338588,0.933333333,31964.71908,1,6.766666667,904.736562,-67.62999651,2.52,952.3517485,1.633333333,30363.04893,0,8.633333333,759.6855883,-56.31171087,12.6,1
683.8550364,0.933333333,20732.18208,2,11.78333333,490.7164885,-21.44425404,2.52,770.2504375,1.516666667,27623.87881,1,12.6,416.8221581,-25.55434589,2.52,1
979.4541701,0.466666667,34891.43191,2,12.6,1375.174864,-2.880877993,2.52,705.1976953,1.05,26707.74697,1,12.6,627.6550606,8.597417434,2.52,1
1000.63912,0.7,33088.32567,1,12.36666667,1178.30158,-33.2815101,1.4,637.0872552,0.7,31829.6945,1,12.6,564.3640767,-1.052537516,2.52,1
1215.689635,1.166666667,37661.25559,0,9.683333333,878.8254074,-57.95775105,12.6,1075.176387,1.4,49813.77945,0,12.6,718.5100078,-36.90546926,6.3,1
1288.706821,1.283333333,43474.24075,0,12.6,1038.379021,-45.64657513,12.6,1122.65782,1.283333333,40741.62756,2,12.6,636.5956015,-19.85807022,2.52,1
985.8748686,0.466666667,34417.12276,0,11.31666667,1025.32445,-54.59869738,12.6,717.5462947,1.166666667,29003.17905,0,12.6,399.1603975,-24.62377014,12.6,1
583.6528229,0.35,15869.81475,2,9.8,656.1921469,-19.84472431,3.15,673.9167778,1.05,13206.26156,2,10.38333333,360.8006434,-15.37554316,2.1,1
872.1454359,0.466666667,26083.33646,0,10.5,654.2419578,-42.39934579,12.6,710.7864279,1.283333333,23792.95432,1,12.6,531.2787893,-22.96465996,2.1,1
1147.534682,0.466666667,46897.8165,0,12.6,999.0364103,-46.90431322,12.6,715.9293387,1.166666667,33921.62865,1,12.6,733.0694211,-21.58732546,2.1,1
697.6984415,0.7,28938.02686,1,12.6,837.250123,-17.47147171,2.1,659.5228849,0.933333333,26841.24001,1,12.6,465.1146415,-17.56655609,2.1,1
1584.234144,0.466666667,61159.00459,0,12.6,1514.69569,-79.09483221,12.6,1051.205667,1.4,42986.76172,0,12.6,634.5794663,-42.24401564,12.6,1
618.7760107,0.933333333,19255.71984,0,12.6,387.4678764,-19.58807322,12.6,669.5171076,1.633333333,29219.40705,1,12.6,406.9711637,-9.532414911,1.4,1
987.03654,0.35,35111.8303,1,3.616666667,1038.114221,-32.69926435,2.1,717.8655177,0.466666667,21610.88556,0,12.48333333,449.9733055,-16.88304844,12.6,1
1197.001798,0.466666667,37115.44531,0,12.36666667,884.7604095,-40.88589357,6.3,746.6037579,1.166666667,30798.75121,1,12.6,702.6089529,-16.88437121,3.15,1
1352.561498,1.166666667,37144.62425,1,11.31666667,1091.544758,-46.97177694,2.1,717.5570831,1.166666667,25669.5288,0,12.6,327.0088049,-17.03645038,12.6,1
1259.416673,0.466666667,45426.14406,0,12.6,1206.167693,-39.33232511,6.3,825.4737878,1.4,43355.13449,0,12.6,467.4536923,-2.058142257,6.3,1
841.3894781,0.35,26818.36356,2,10.03333333,1349.298431,-41.05582124,3.15,660.9516903,1.4,24533.4847,1,11.55,597.5850409,-27.87223921,2.1,1
837.2842876,0.583333333,37123.21415,1,12.6,1128.675856,-37.42327333,1.8,624.485496,1.283333333,31100.92207,0,12.6,457.223819,-16.34782008,12.6,1
969.3464438,1.166666667,40829.3204,1,12.6,0.340828588,-21.33374884,3.15,684.2939082,1.283333333,35341.48271,0,12.6,592.9365364,-6.377380869,4.2,1
1087.046742,0.933333333,43854.4251,1,12.6,876.1122941,-33.29774663,3.15,802.47167,1.166666667,31112.78411,1,12.6,605.405698,-17.78833743,3.15,1
1134.524909,0.466666667,31332.20272,0,8.516666667,460.2820307,-63.72075273,12.6,754.9983722,1.166666667,25312.65143,1,12.6,547.3640114,-26.66604612,2.52,1
905.358468,0.466666667,21922.20594,1,7.7,849.9274444,-44.93254487,1.26,400.5329701,1.283333333,11499.21194,0,6.766666667,330.8121698,-18.70072424,12.6,1
957.8728872,0.35,27970.18386,0,8.75,914.9425521,-49.58582617,12.6,609.4895923,0.466666667,21947.40294,2,12.6,523.53904,-16.34158394,3.15,1
750.7491134,0.933333333,24855.03189,0,8.4,1179.205383,-47.84919522,12.6,579.0805653,1.166666667,24305.85525,0,12.6,372.9108826,-15.13535224,12.6,1
1290.396858,0.816666667,35859.33418,0,11.31666667,997.1986283,-56.28063059,12.6,894.7829997,0.933333333,31867.03566,1,12.01666667,625.01952,-42.31874087,2.52,1
1273.611757,0.933333333,38398.31599,0,11.31666667,986.6999651,-52.94547472,12.6,880.08273,1.283333333,46449.25869,0,12.6,613.8299015,-0.498146634,12.6,1
400.2538029,0.233333333,21591.05974,3,12.6,392.6096608,1.331727347,1.575,313.4719376,0.35,10765.67009,3,11.66666667,228.1534194,-13.11623813,1.575,2
224.3146645,0.233333333,8155.60852,3,10.26666667,112.6969146,-7.741618467,1.145454545,390.9833421,0.933333333,10755.07628,3,9.916666667,122.6905727,-13.06620484,2.52,2
489.6970265,0.35,20775.68711,4,12.6,599.2831457,16.90684594,2.1,518.2869077,0.466666667,10543.82018,3,12.6,288.0258728,-0.441940491,3.15,2
420.8806295,0.35,15812.67434,6,7.35,523.9540447,21.37085329,1.26,292.8354847,0.466666667,8587.309353,4,11.9,202.2315945,5.027117688,1.8,2
191.9510301,0.35,7222.67156,6,6.533333333,262.8118791,-7.842253892,1.575,243.7827318,0.7,6938.713803,3,9.8,100.8892477,-7.633199683,1.8,2
302.7248737,0.35,5812.441978,3,5.016666667,403.7390795,-0.903600205,3.15,199.292633,0.466666667,4393.655448,3,8.983333333,108.4018741,-2.730617554,3.15,2
412.3592805,4.083333333,16627.7008,4,3.966666667,230.3935881,-9.306168192,1.575,293.7184851,0.35,7017.161262,3,11.31666667,146.5862564,-3.719446285,1.575,2
473.8555914,0.35,19043.6644,4,7.933333333,137.6853524,23.36580423,1.575,341.317464,1.516666667,4933.780031,6,11.43333333,38.68002992,-4.030703781,2.1,2
371.5532977,0.233333333,11362.4166,6,5.833333333,388.0574471,6.302527821,1.26,306.4624191,0.35,7380.865356,4,10.73333333,149.702346,-3.418853594,1.8,2
306.4830653,0.233333333,8893.441569,4,7.233333333,309.0018593,5.216241112,1.4,887.5650695,11.2,16369.65807,2,9.216666667,33.15646789,23.08652364,3.15,2
524.9378781,0.35,18616.10018,2,12.6,604.0667389,-4.61889807,1.575,265.7151228,0.35,8266.915555,2,11.43333333,89.10073707,-15.69629297,1.8,2
707.9229284,7.116666667,18507.25125,5,11.2,717.5141302,9.375854517,2.52,345.1218913,0.466666667,8736.624465,5,12.6,163.6603259,-4.014534774,2.52,2
765.9313539,0.233333333,16504.41551,3,11.31666667,1179.064488,-17.5046306,1.145454545,386.4872752,0.35,10501.64098,2,12.25,284.5076889,-9.493232374,1.145454545,2
540.7837984,0.35,20502.28084,5,11.66666667,626.8304019,15.03269131,3.15,469.6252986,0.466666667,10163.13926,4,12.36666667,181.2206417,-7.806642923,2.1,2
469.870145,0.233333333,16355.96847,5,9.8,445.8186236,10.59184937,2.52,495.2462555,0.233333333,18292.27294,6,7,168.3789665,-5.588194332,2.1,2
364.9051635,1.166666667,15967.61616,5,6.3,-11.10763584,3.516352011,1.8,726.1728719,1.4,19492.30316,5,9.216666667,27.76311786,-28.33965877,1.575,2
383.3959587,0.35,11265.27175,6,9.683333333,334.4459599,1.031042789,1.575,292.9107137,0.35,8405.088205,4,9.683333333,110.5597772,-3.626848614,2.1,2
387.4935295,0.35,12612.91963,7,6.533333333,409.6021049,-3.073662044,2.1,387.0531586,0.7,12851.86231,2,7.466666667,51.1456881,-12.5035133,2.1,2
538.7646453,0.35,27197.6981,2,12.6,549.3227967,8.881327066,2.1,384.4698488,0.35,11594.96828,1,12.6,190.3147312,-7.717836719,0.969230769,2
427.8442652,0.233333333,11336.9134,6,10.85,418.7612779,5.521538191,1.8,429.8744123,0.583333333,16325.56313,3,12.6,219.9538405,-8.624693799,1.4,2
455.891231,0.233333333,12867.24189,3,2.916666667,606.4186907,2.645696761,2.1,266.6684864,0.35,3767.284713,4,10.38333333,83.11206064,0.706103131,1.8,2
574.5573467,0.466666667,13814.02002,4,9.333333333,604.2842612,-5.957699106,2.52,437.0971439,0.583333333,13288.64561,2,5.016666667,176.3688092,-8.162192055,2.52,2
445.5128777,10.15,9296.825408,5,9.8,349.2660348,4.143070672,1.8,314.8474191,0.233333333,8203.383742,6,8.983333333,144.0974666,-1.485016917,1.575,2
589.1182421,0.233333333,15775.1375,4,4.2,684.68104,-6.950711357,3.15,388.9088421,0.35,7874.576048,2,6.65,335.1857113,-7.697952055,3.15,2
579.4717703,0.233333333,14877.84798,5,7.7,793.2375878,8.512801394,3.15,401.9222672,0.35,10883.17328,2,12.36666667,249.7133493,2.758750375,3.15,2
575.1780052,0.233333333,12994.89617,4,10.96666667,767.2377838,-3.50645303,2.52,361.1822332,0.35,9827.571837,1,9.8,207.0135905,-5.372033652,3.15,2
475.6422669,0.35,30528.36992,2,12.6,622.2553062,11.99531324,1.575,498.2085869,0.466666667,18645.97091,2,12.6,367.8380196,0.452317364,1.4,2
457.9772145,0.233333333,21065.62912,3,12.6,659.669553,4.673983068,2.52,315.8134956,0.35,9513.628739,3,12.6,174.4947086,4.26347756,2.52,2
532.8867293,0.233333333,20623.14017,2,12.6,510.9109511,23.81111601,1.26,428.5133035,0.35,7113.263824,4,12.25,190.9505996,-0.588472331,2.1,2
632.311143,0.233333333,16926.11697,3,10.85,966.0335978,4.202993856,3.15,391.435438,0.35,7434.534228,2,8.4,332.5197434,-7.177908401,1.26,2
341.8408847,0.583333333,32784.23035,4,11.78333333,312.2393382,24.90981051,2.1,284.8950463,0.466666667,14073.0191,3,12.6,184.5165979,6.656474704,1.8,2
435.5999646,0.35,14834.4267,1,11.78333333,508.3080884,11.85956306,2.1,288.1313094,0.466666667,7915.503996,1,12.01666667,129.9353145,-20.21923316,1.8,2
596.2083711,0.35,17755.15615,2,10.96666667,696.830851,16.35859608,1.26,275.7357728,0.466666667,8462.894906,3,12.6,156.3245763,3.94185606,1.26,2
364.9804568,0.233333333,20735.58641,2,9.8,519.7184689,35.62062676,1.575,255.0956977,0.35,9436.023551,2,10.5,99.14763011,80.97633617,3.15,2
489.3109218,0.35,13238.19128,3,10.26666667,608.0007459,-12.53667943,3.15,257.7589862,0.583333333,9297.073509,2,12.6,187.6445839,-4.088021897,3.15,2
386.5169292,0.35,9435.894731,3,10.61666667,481.659621,-0.437100777,3.15,437.5371165,0.466666667,16414.19692,3,7,195.8220347,-15.98963346,1.8,2
416.5002807,0.35,11448.16382,6,10.5,530.3479716,7.841037471,1.26,215.6695556,0.35,3145.635537,3,12.13333333,69.89092151,-0.298469091,1.575,2
203.5198184,0.233333333,13599.40534,5,7.116666667,272.6194193,21.57603967,2.52,351.8735386,1.4,8645.932957,5,11.43333333,43.68822115,1.691582185,1.26,2
398.8259574,0.583333333,27211.52482,3,11.9,361.3032243,18.07296791,1.575,402.9489312,0.466666667,10987.05814,4,10.85,200.5034533,8.70693558,1.8,2
477.4886298,0.233333333,21523.51652,4,11.9,610.3442044,-11.94161934,1.8,310.8436469,0.35,11452.44839,1,12.6,270.810406,-14.55581224,2.52,2
640.4034183,0.35,17303.00568,2,10.61666667,256.8935511,17.60659243,1.575,406.796969,0.466666667,14334.06146,3,12.6,314.8513713,1.639105115,2.1,2
690.2327787,0.233333333,18743.41491,3,12.6,741.576407,-3.487685076,0.9,435.9906419,0.35,12830.88213,2,12.6,311.1047147,-2.332387372,2.52,2
472.3021775,0.233333333,15126.73571,3,12.6,113.9095318,-0.155483925,2.1,240.204442,0.35,7708.956952,3,9.216666667,38.67778338,-6.212012347,3.15,2
595.6249016,6.3,20002.42304,5,7.7,593.5387729,23.51274086,2.52,261.9646897,0.233333333,5604.459881,3,9.333333333,73.3387278,3.463510342,1.575,2
306.9206601,9.45,12786.50642,3,8.4,201.9601672,24.06117989,2.52,455.8729159,1.283333333,16659.30345,2,12.6,201.9116021,-3.939932635,3.15,2
756.6277529,0.233333333,15050.9886,4,8.633333333,1047.729996,-2.619500901,3.15,341.2340168,0.35,7354.235272,3,12.01666667,334.0697738,2.045598716,3.15,2
376.2439436,0.35,21208.98196,1,12.6,321.9519857,2.467748136,1.4,321.8751417,0.816666667,10008.04892,1,12.48333333,92.14412925,-17.33603968,2.52,2
559.7677604,0.466666667,17432.63397,3,12.36666667,596.2434001,-2.889139008,3.15,361.6284111,0.466666667,10913.96064,3,12.36666667,277.5073442,-5.2576054,2.1,2
195.2298179,0.35,4901.378231,3,7.816666667,-46.10024524,2.99666934,2.52,370.6988033,0.466666667,11985.9153,2,8.516666667,90.97272415,-9.79995387,1.26,2
558.4684717,0.35,17726.67927,3,9.8,567.8984435,7.777732336,1.575,276.9570327,0.35,5209.067362,5,12.36666667,135.6628758,1.973653469,1.26,2
488.7130113,0.233333333,14749.15956,3,10.5,562.3473695,9.562967712,2.1,244.4818863,0.35,7279.073437,1,12.6,111.4798205,11.36502911,2.52,2
547.0091444,0.35,18431.81106,3,11.66666667,602.4578905,-2.091569879,2.52,311.8602984,0.35,8228.409543,2,11.31666667,208.7984088,-8.735895552,1.4,2
372.290439,0.35,17533.67159,4,11.78333333,472.9534185,8.80882762,2.1,379.2579086,0.466666667,17751.86193,1,12.6,294.0467072,-115.6456354,2.1,2
277.6024733,0.35,8853.434206,3,10.61666667,130.2285216,0.250962521,2.1,236.8827642,7.116666667,8313.126469,4,8.633333333,31.14499289,2.56798909,2.1,2
482.6371089,0.35,23763.19357,3,12.6,522.2842706,5.87304991,2.52,422.5317224,0.466666667,12909.03518,1,12.6,207.8556284,-9.234016582,2.52,2
381.1139791,0.35,24183.46216,2,10.73333333,471.2883809,35.95090807,1.8,321.7060527,0.466666667,12478.60578,3,9.683333333,67.51508576,17.07781395,2.52,2
302.232198,1.633333333,14888.59572,0,12.36666667,32.42966579,-43.16625424,12.6,246.2658994,0.35,9424.422433,0,12.25,0.491353734,0,12.6,2
498.8498812,0.35,14103.36541,7,5.833333333,494.1270586,11.5282123,1.4,358.8842033,0.35,23541.02739,6,1.75,192.0409459,-0.701234636,1.4,2
328.9662456,0.35,14647.45289,5,12.25,289.4004755,5.712384537,1.26,353.9563832,0.583333333,9243.668915,2,12.6,139.9979929,-3.822535263,1.8,2
519.6448195,0.233333333,23012.72133,5,10.73333333,790.8609054,23.2643071,2.52,279.7412886,0.35,10680.06812,4,12.6,258.0655249,5.925648983,1.8,2
335.2701674,0.35,12274.54043,5,5.95,399.3454404,19.04958492,1.8,369.3072996,0.466666667,12523.41412,5,7,169.1601151,-1.000882389,3.15,2
427.6158074,0.233333333,11206.64293,5,11.55,616.6819256,1.603587609,3.15,407.3596206,0.35,8725.828633,2,12.13333333,287.3025776,-3.331532796,2.1,2
306.1120812,0.233333333,16135.83722,7,7.933333333,343.6677387,15.56512271,1.8,319.1038152,0.35,9126.801954,4,9.566666667,84.63971688,2.026047317,1.8,2
447.514798,0.35,18066.48618,7,10.85,422.7439225,17.26644801,1.4,368.3618204,0.35,9703.403554,7,8.866666667,123.6146321,0.47739256,1.145454545,2
443.2004951,0.7,12885.44603,4,8.516666667,63.49448502,8.21178533,3.15,372.175907,0.933333333,11527.37714,5,4.433333333,124.6981698,-6.551115672,2.1,2
569.7416664,0.35,23438.75474,1,10.61666667,4.256759734,-36.47154743,1.26,272.7360375,0.35,7292.757427,1,11.08333333,209.0548545,-11.09553858,1.4,2
490.6190418,0.35,22874.38895,2,11.78333333,597.9286694,27.53892785,2.52,388.925654,0.466666667,10177.88989,2,12.6,228.8590478,-0.459219439,2.52,2
410.84288,0.35,17232.77555,4,11.08333333,390.727526,8.547317667,1.575,309.6672092,0.583333333,12504.23578,4,6.066666667,111.554231,-9.050987871,2.52,2
626.0523192,0.466666667,25857.22518,3,12.6,736.9660397,10.17190051,1.8,464.0279055,0.816666667,14730.0033,1,12.6,35.59455123,-15.10744303,1.8,2
642.8500926,0.233333333,14564.8603,5,6.766666667,690.5977381,3.744938128,2.52,405.159862,0.35,7052.423015,4,10.38333333,192.7596154,-0.925272424,2.52,2
243.1634519,0.233333333,6422.700769,4,10.38333333,376.3646511,-7.119176371,2.52,218.1303989,0.233333333,5383.333452,3,11.55,14.75097436,-7.32586077,1.8,2
517.2405491,0.233333333,31759.94513,4,11.55,728.7070997,33.6240784,3.15,306.8933072,0.35,13884.57063,4,9.1,266.7608933,18.62136789,2.1,2
721.6810325,0.233333333,19539.10244,2,11.66666667,1033.863811,6.138485969,2.52,454.368541,0.233333333,11352.90794,2,12.6,98.27750975,-3.902384649,2.52,2
563.6745605,0.233333333,19489.31823,4,12.36666667,854.0191995,9.706903412,1.8,417.8186656,0.35,14479.87252,1,12.6,310.7809118,-1.421664341,1.575,2
441.9888278,0.35,13368.39154,1,1.75,541.525838,-4.884131666,3.15,327.9073886,0.466666667,6676.164692,3,9.216666667,165.815646,-6.320739396,2.1,2
617.8202934,0.35,17195.91562,5,6.533333333,694.2862879,9.250698218,2.52,532.7946022,0.466666667,21167.21087,4,5.133333333,-15.73737838,-5.661679185,2.52,2
592.7584725,0.233333333,16658.8523,3,9.683333333,798.8683096,-5.878561137,2.52,231.5853066,0.35,5418.826455,3,12.6,143.997637,-2.557667111,3.15,2
365.9575894,0.35,6917.453967,2,10.5,443.192547,2.279659885,3.15,618.3577085,0.466666667,15863.92328,2,7.116666667,360.9753528,-10.57844039,1.26,2
451.2721397,0.233333333,37385.57846,7,1.283333333,169.5433882,-9.394875641,1.4,270.519561,2.216666667,6024.888907,6,9.333333333,54.67050713,-0.985130504,1.4,2
243.5848605,0.35,7369.775635,5,11.66666667,271.285903,4.72068644,1.575,263.8810357,0.233333333,19289.24627,6,2.8,91.17572342,-2.250765769,1.575,2
406.3523823,0.233333333,15396.31298,6,12.6,550.7114301,-3.208455517,1.575,337.9514613,0.35,12574.10405,1,12.6,233.678644,-8.528653962,2.52,2
571.6757136,0.7,30975.59854,1,12.6,587.74087,5.433811902,1.575,497.9566534,0.816666667,25501.70474,2,12.6,347.6129053,-1.555119702,2.52,2
550.9749349,0.35,19674.25118,3,10.61666667,694.1207223,7.882730639,2.52,357.4765427,0.466666667,14707.82993,1,12.6,279.077523,-9.194538709,2.1,2
155.5917354,0.35,7999.565418,7,9.916666667,38.9668439,3.12823887,1.8,270.0047429,0.466666667,7287.528709,4,10.26666667,17.75098119,-7.125885191,1.4,2
422.1041803,0.233333333,16598.44509,4,12.36666667,480.090618,6.789537021,2.1,312.010759,0.35,7190.595882,4,12.6,39.26466707,0.304967021,1.145454545,2
605.9877825,0.35,34068.43876,1,12.6,720.4664006,3.460849351,3.15,323.491529,0.466666667,16727.81267,1,12.6,185.3213369,-11.11625855,1.575,2
905.7814333,0.233333333,29745.59353,3,3.85,995.5201371,-12.39338262,1.4,408.4221342,0.233333333,13410.83343,4,7,415.190523,-6.232448772,1.575,2
524.0608656,0.233333333,15960.39234,4,8.166666667,856.7177451,7.760111078,3.15,298.0665625,0.35,7792.241462,4,6.3,185.0326232,-0.31504196,3.15,2
300.6574855,0.233333333,13462.87791,5,10.26666667,404.6887116,5.897541823,1.8,231.7617919,0.35,7539.60229,4,8.866666667,101.4514369,-4.520381201,1.4,2
499.7689114,0.35,18813.32554,3,9.45,124.6625152,19.24725741,1.575,547.2370081,0.466666667,17617.3327,6,9.45,15.00049551,8.053410117,1.4,2
183.4288552,0.35,8720.77324,4,9.216666667,265.5307302,6.155108851,3.15,146.0187452,0.583333333,5455.048039,3,11.78333333,60.37952745,-0.861177106,1.575,2
527.2636053,0.35,15377.99579,3,11.08333333,606.7644204,9.872305068,2.1,394.8572485,0.466666667,6145.389608,4,9.566666667,271.3676064,-4.206788906,2.1,2
357.1604694,0.35,20681.22415,2,11.9,531.3393984,8.345040721,2.52,191.2929126,0.35,6581.518076,2,12.25,108.6943691,-2.574703673,1.4,2
535.7434642,0.233333333,16619.37219,2,11.43333333,727.7838322,14.53499179,3.15,475.4414157,0.35,7552.260183,3,11.08333333,320.1200765,-2.965291325,1.26,2
379.2544239,0.233333333,18415.2044,6,10.73333333,444.0898977,19.50657705,1.575,219.7425207,0.35,8868.632873,1,11.31666667,27.82007661,-15.5043227,1.8,2
492.4333739,1.516666667,18063.11445,4,7.233333333,676.0013104,-24.42746262,1.575,221.8499262,0.233333333,8747.543213,2,12.13333333,172.4031063,-1.874317079,1.26,2
369.8209526,0.35,10871.98318,5,11.2,464.822151,2.388996801,2.1,229.621214,0.7,6394.732846,5,6.766666667,88.20979596,-3.770087783,3.15,2
444.9689996,0.233333333,29691.89582,3,12.6,624.9697455,17.56309771,1.8,296.332491,0.35,15237.09444,1,12.6,73.63099451,-16.10989481,1.26,2
517.5641016,0.35,16946.74439,4,7.116666667,418.3858297,-19.76958929,2.1,287.3329856,0.583333333,5712.450005,2,11.31666667,163.1990929,-6.181057402,2.1,2
451.4417056,0.233333333,12891.93178,3,3.266666667,606.5018418,-12.05412656,2.52,254.6169007,0.35,6531.789462,3,9.8,171.4692786,-4.550738952,1.4,2
327.8025406,0.233333333,7735.402429,5,7.7,378.0194259,-2.509639654,1.05,385.9063274,0.35,13545.18192,3,7.233333333,261.5744786,-10.19050089,2.52,2
374.8285557,0.35,13745.84462,2,7,516.4019595,-29.98193791,1.26,264.6685177,1.516666667,11180.76517,2,8.75,135.1376777,-20.80179143,1.4,2
820.2387137,0.35,18446.69875,1,6.3,1120.280365,1.674917618,1.8,492.5466022,0.35,13221.76285,4,7.583333333,456.401861,-0.30520349,2.52,2
392.388158,0.233333333,10353.35636,4,7.7,384.218874,-0.26917885,2.52,268.3177925,4.433333333,6206.810285,4,10.03333333,149.219698,-0.817999684,2.1,2
353.3311569,0.35,16223.1523,4,11.55,419.2009226,5.28490602,3.15,244.294271,0.466666667,5307.15404,7,9.45,100.6913086,-1.930894514,1.575,2
381.0098766,0.35,13222.55266,5,10.73333333,362.41708,-9.571934546,2.52,218.0158665,0.35,7065.131566,3,7,18.97343561,-6.556868952,2.52,2
510.5813862,0.35,16052.32562,7,11.78333333,747.3236484,2.589381798,1.575,328.2879582,0.466666667,6914.534635,4,12.36666667,152.1732277,-3.296346262,2.1,2
420.6173109,0.233333333,9011.146,4,9.683333333,619.2574783,-2.804426853,1.8,343.5754758,1.516666667,5283.866591,4,12.36666667,166.1040621,-4.316646819,1.8,2
272.1744681,1.516666667,11091.54663,5,10.96666667,216.2298155,2.86247933,1.8,466.0202593,1.866666667,18691.9633,5,7.233333333,84.34881059,-9.807974531,2.52,2
579.9955604,4.2,25290.45968,4,10.96666667,303.0769015,11.56384044,1.8,222.5055967,0.35,6111.435248,3,10.03333333,49.24068404,5.099676867,1.8,2
431.5198212,0.466666667,13175.49716,5,2.566666667,404.9757265,-9.87301377,1.8,375.3985553,0.7,22595.85847,4,2.566666667,108.2679495,-10.79097027,1.8,2
457.1333427,0.233333333,13383.3241,3,8.633333333,260.4627894,3.25483154,3.15,364.3443094,0.233333333,10615.09758,3,10.15,240.4388051,-3.874043566,1.575,2
289.2282644,0.35,11992.24668,5,11.31666667,244.7768014,7.914337728,1.8,247.0448188,1.516666667,5209.283873,5,12.36666667,20.42042671,-3.384181618,1.8,2
893.1760455,0.233333333,27303.24704,3,11.9,1332.929055,-8.496438682,2.1,507.3525884,0.35,14388.64981,3,12.6,372.9932035,-3.470475208,2.1,2
233.9934365,0.466666667,7128.708543,4,9.216666667,203.1143243,3.310338356,2.1,317.3663547,3.033333333,10440.51279,3,6.883333333,-37.11493647,-17.81105516,2.1,2
535.3606936,0.233333333,16805.63392,3,12.36666667,804.4125628,5.261659952,1.575,279.5449886,0.35,9951.670169,5,12.6,157.4209755,-0.316874721,1.575,2
646.5075381,0.233333333,15359.74639,5,9.8,770.4034208,-0.969368902,1.8,501.5447083,0.35,11541.91327,1,12.13333333,228.9886919,-13.03490973,2.52,2
793.2069345,0.35,14770.22563,2,8.983333333,981.2841736,-9.062781776,2.52,334.2241118,0.583333333,6492.341654,4,11.55,195.5516725,-5.969535018,1.26,2
510.4627291,0.233333333,13561.19154,2,11.9,748.8264873,-12.15862353,1.4,325.47499,0.35,13116.80964,2,12.6,227.3756842,-5.967575392,2.52,2
344.2913386,12.6,9954.776101,5,7.35,405.7809283,12.05389143,3.15,258.823687,0.233333333,7077.736626,4,9.916666667,144.9152962,1.000425697,3.15,2
421.9847594,0.233333333,12510.45683,6,11.66666667,147.8099569,-0.296381593,2.1,286.3015066,0.35,6213.575193,2,9.8,69.67857535,-1.824660015,2.1,2
507.6718606,0.35,17958.58873,1,12.6,622.6504561,0.42100853,1.8,304.7388397,0.35,12946.58129,2,12.6,207.6164193,-3.484683011,2.52,2
527.0893808,0.35,17507.2442,2,12.25,3.567151147,-6.502639515,3.15,332.8242429,0.35,8614.532571,4,8.866666667,210.413817,-5.978047798,3.15,2
513.2779211,0.233333333,17486.41969,2,8.05,580.288103,-6.123929024,3.15,249.1284605,0.233333333,8164.48531,2,9.566666667,94.87691721,-5.584414486,1.4,2
307.6877385,1.05,11810.71091,4,9.216666667,148.0840404,-1.030653279,2.1,245.6857817,0.7,5992.875506,4,9.566666667,34.66332135,-2.856420151,2.52,2
581.8256569,0.35,21431.21532,5,9.1,158.9613144,19.28957089,3.15,225.6452727,0.466666667,7693.64704,4,7.933333333,140.2289179,-1.032605495,3.15,2
572.0710203,0.233333333,35459.72083,1,12.13333333,747.0257635,29.09435471,2.1,349.0229457,0.35,16580.19987,2,12.6,251.9596324,6.549113307,2.52,2
524.1928155,0.233333333,20261.82759,5,10.73333333,514.7413625,6.170126345,1.8,353.4444829,3.966666667,16087.01392,2,10.38333333,192.5356436,16.12683866,1.8,2
340.7609469,0.35,8677.703546,6,8.516666667,306.284136,-1.163726838,1.145454545,339.2099296,0.35,9070.788755,5,7,167.6895647,-3.525168508,1.4,2
413.4901097,0.233333333,12995.48565,3,10.85,208.6240142,-1.079896845,1.8,259.2595332,0.233333333,6101.894848,5,11.66666667,165.9443257,1.810733731,3.15,2
212.985817,0.35,22427.23894,1,11.78333333,299.0701746,20.38794127,2.52,404.7733473,0.816666667,19876.9335,1,12.36666667,110.2053388,-15.39669882,1.575,2
216.3590425,0.35,10189.75761,1,11.31666667,155.9759247,14.53899041,1.4,422.6135867,0.466666667,7144.27491,3,12.36666667,108.8342972,0.42125794,2.52,2
533.0800633,0.233333333,29925.18169,2,12.6,819.6695026,-24.46760553,2.1,293.8146744,0.35,22216.43389,1,12.6,243.4799607,-7.776832732,2.1,2
363.7031312,0.466666667,13832.76497,7,7.933333333,67.1437726,-10.4546194,0.969230769,394.8567994,0.466666667,8588.318735,2,11.78333333,93.75700655,-17.33015664,1.575,2
311.345124,0.35,14328.26542,4,10.26666667,322.1589456,-5.583836163,1.8,277.2044809,0.35,7234.105665,4,9.916666667,39.60892534,-11.89173005,2.52,2
536.8423001,0.35,16932.16718,5,8.983333333,119.8969614,13.43898416,1.4,366.155129,4.55,13788.48927,6,8.05,113.2668949,-3.414385127,1.4,2
295.2088971,0.35,19767.54958,3,12.6,332.6815862,7.545760528,1.4,234.7119276,1.4,8352.435144,2,12.6,68.76615201,-13.95692975,2.1,2
222.9477233,0.466666667,8612.391831,4,8.516666667,314.4756462,5.001035616,2.52,215.173836,0.35,6784.150018,4,12.01666667,88.8585285,2.222050618,2.52,2
511.6934471,0.35,19082.0385,4,12.13333333,499.3706759,10.84889426,2.1,304.1927613,0.35,6014.958034,5,12.6,162.5547797,-0.744696758,1.8,2
672.1855218,0.233333333,15861.37024,3,11.31666667,971.5321575,10.70382481,2.52,313.6545799,0.35,5898.673043,5,12.13333333,248.705503,-1.591621953,2.1,2
239.2286771,0.466666667,11303.23708,5,9.333333333,294.6473303,17.28932418,1.8,305.8476417,0.466666667,6431.289471,4,10.15,179.7604238,0.057488038,3.15,2
551.7069333,0.35,12728.02415,4,11.55,592.3462454,-9.391429325,2.52,363.3296031,0.466666667,11192.16445,3,12.6,248.7204601,-0.005993047,3.15,2
252.681476,0.583333333,28554.86995,3,12.48333333,311.3399913,21.65817603,1.575,274.3732763,0.583333333,10154.09668,2,12.36666667,142.475295,-2.680431141,2.1,2
302.7968982,0.233333333,16857.94434,2,9.916666667,291.6289615,24.68504483,2.52,238.4476029,0.35,6734.504388,3,12.13333333,101.9058832,6.868314864,2.52,2
383.0485518,0.35,21420.75111,3,12.01666667,365.5435669,5.892382285,2.1,275.8229025,0.466666667,8541.471751,2,12.13333333,122.6525899,-2.328997893,3.15,2
304.4737703,0.35,9603.202725,6,10.15,395.9450643,6.578522862,1.8,366.9609182,0.466666667,6784.004193,5,9.8,205.8644594,-3.49899718,1.26,2
498.3201908,0.233333333,12837.77886,5,10.73333333,649.4181871,-9.1004018,1.26,333.4390003,1.75,9296.303689,3,10.15,202.2061142,-8.637173919,1.4,2
251.8299513,0.466666667,24260.49129,2,12.36666667,295.4994185,-15.30380461,1.8,273.0161094,1.05,9574.653629,2,12.01666667,42.0047921,-9.152145546,1.575,2
436.5995119,0.35,27169.45527,0,12.01666667,-26.37089658,-28.91427847,12.6,235.6240222,0.35,8752.317931,0,12.6,77.198131,-15.49718739,12.6,2
310.8911028,0.35,10722.66445,3,6.766666667,392.2634729,17.73766344,2.52,247.0547453,0.933333333,6523.830534,4,11.43333333,60.13304691,6.489968799,2.1,2
606.808925,0.233333333,21261.38189,2,7.816666667,806.9400044,-32.23669979,1.8,283.2824312,0.35,8851.829777,2,11.78333333,202.3098574,-14.45180846,2.52,2
300.8057801,0.233333333,7094.658812,2,7.233333333,257.6942967,10.33207662,1.575,303.0416837,0.816666667,4815.638294,1,12.36666667,54.51122686,2.908718024,3.15,2
372.8251992,0.466666667,12120.47848,2,8.866666667,437.6602058,13.62364051,3.15,323.850871,0.466666667,8387.967587,1,11.9,134.0166048,3.258126997,3.15,2
567.7805478,0.233333333,14171.31691,3,9.8,778.2494578,-4.789445483,1.26,308.1145134,0.233333333,9423.222053,3,12.13333333,182.8492881,1.868773837,1.575,2
537.9432392,0.35,28201.87783,3,12.01666667,742.4569631,23.928341,2.52,331.0171775,0.35,12790.27733,1,12.6,195.8311166,-9.741323159,2.52,2
651.2629684,0.233333333,20143.37118,1,6.3,883.7328278,-32.92703906,2.1,306.7153513,0.35,7099.384768,3,10.03333333,248.7219984,-9.752654176,2.52,2
730.1066441,0.35,24912.64082,3,10.73333333,899.750811,5.384037487,2.52,248.9180448,0.35,6050.555672,4,11.31666667,149.3244123,-0.709273909,2.52,2
642.830028,0.233333333,23978.73821,4,12.6,961.5308585,6.701786501,1.4,360.106527,0.35,18429.65773,2,12.6,286.4128874,1.200791604,2.52,2
299.318237,0.466666667,11482.79199,6,9.8,340.6904147,10.85859106,2.52,367.0840168,0.583333333,7769.31355,2,11.9,144.736767,-6.131031489,2.52,2
722.6238972,0.233333333,20647.5776,5,9.45,556.7775429,4.691632633,1.8,406.8945236,0.466666667,10473.68925,5,12.6,214.6002276,-3.700482695,2.52,2
731.5631941,0.35,16098.75258,5,9.216666667,896.4210731,-0.823698483,1.4,429.996769,0.35,9698.973535,4,9.566666667,251.7119505,-7.613792855,2.52,2
553.49101,0.233333333,19180.40195,4,12.01666667,858.0347175,-6.031047458,3.15,333.7996062,0.35,7600.165482,2,9.45,253.8662713,-7.961626255,3.15,2
236.9865523,0.35,13677.57026,4,10.38333333,272.1646399,11.95734522,1.575,180.4566304,0.466666667,8303.532002,4,11.31666667,73.78625002,6.129324578,2.1,2
355.0211149,0.35,13245.64718,2,10.5,113.0346298,10.88147751,2.52,349.9981015,0.35,12354.73485,5,8.866666667,113.1317711,-9.385336801,1.575,2
360.8798423,0.35,12206.99589,3,4.666666667,370.3526842,-3.601749537,1.575,344.5953728,0.466666667,8326.248943,3,10.61666667,91.06911015,-9.978279251,1.4,2
631.7239322,0.233333333,22959.43474,3,12.01666667,998.9188145,-3.027295375,1.4,308.600409,0.233333333,7563.748735,1,12.6,241.2093756,-1.824458209,1.575,2
660.3659206,0.35,17524.34681,2,11.78333333,835.7467054,10.41452801,2.52,480.5236524,0.35,16723.81378,3,12.6,389.3494916,-1.618901347,1.8,2
630.1209403,0.233333333,24657.60975,3,11.2,877.2950329,17.23790943,2.52,337.3493935,0.35,12801.77802,1,12.6,259.2767361,-0.322748991,1.8,2
376.4528738,0.233333333,12478.49099,3,11.08333333,194.370178,4.353664409,3.15,356.4653065,2.1,10890.27144,1,10.5,138.2295484,-10.63234952,2.1,2
505.6930261,0.466666667,17134.67248,4,11.9,582.1515945,6.637344691,1.575,258.4997192,0.583333333,7302.775643,6,12.13333333,130.2416013,0.891394608,1.575,2
376.7405687,0.35,10390.36869,3,12.25,503.6914193,-1.47092736,1.8,548.639307,0.466666667,18645.97091,2,12.6,390.3213266,-10.09179159,1.8,2
871.2701511,0.233333333,18135.80015,5,9.566666667,1190.383925,-21.91700047,2.1,400.7587144,0.35,9693.967413,2,11.31666667,302.3221317,-11.80810622,2.1,2
441.6752736,0.35,40228.76412,0,12.6,223.4612847,-28.13929083,12.6,423.6259103,0.466666667,29154.01903,0,12.6,126.2570385,-16.59165009,12.6,2
517.7457849,0.35,12664.97428,1,11.9,647.4688993,-4.184813604,2.52,415.7335103,0.35,13746.57052,1,8.866666667,184.1080088,-13.77306976,1.8,2
649.151369,0.233333333,16058.77955,3,11.43333333,1034.155696,6.719124259,1.145454545,476.9241203,0.233333333,8877.597117,4,10.85,364.417529,-2.96923544,1.8,2
402.7359023,0.233333333,18957.395,4,8.166666667,431.1171764,23.99197148,2.52,382.3329123,7.116666667,14679.87181,3,7,37.23860179,13.27717362,2.52,2
772.0327503,0.233333333,31436.83432,3,12.6,937.1908381,8.941382367,3.15,365.5492551,0.233333333,13120.51654,4,12.6,231.117925,-11.6517799,2.52,2
613.4680873,0.233333333,18358.48699,3,12.01666667,582.8327352,-8.301012737,3.15,370.0626666,0.933333333,9424.395131,0,12.6,132.126501,-3.234028939,12.6,2
433.5754081,0.583333333,18630.3673,5,9.566666667,474.8581937,20.89892182,1.8,313.8562307,0.583333333,6307.50768,4,9.45,134.0626132,0.963088443,1.8,2
240.2326473,0.233333333,6826.676214,4,3.733333333,333.0180767,-1.556342106,2.52,269.0278622,0.35,8843.729272,4,7.583333333,123.9663329,-4.221426139,2.1,2
253.3730519,0.35,10375.32453,7,9.216666667,324.5053992,11.84581966,1.4,223.0809134,0.466666667,6130.926232,5,12.13333333,86.35706339,0.879019635,2.52,2
539.9673991,4.433333333,16464.33568,4,11.9,520.38675,4.977660077,1.05,365.03205,4.2,12366.90646,4,6.766666667,83.47401277,-6.885905727,1.8,2
465.5870378,0.35,17923.0467,3,3.733333333,520.9367026,-22.54814684,2.52,269.13103,0.35,3557.285443,5,11.66666667,75.7473143,0.762957371,1.575,2
462.1767968,0.35,20065.72811,5,10.61666667,400.4972527,19.52585427,2.52,364.5279562,0.35,12989.42235,5,11.43333333,157.6796362,6.671343266,3.15,2
370.4834168,0.35,36855.62861,2,12.48333333,496.6167296,-1.308885444,2.1,425.8112076,0.466666667,27933.48762,1,12.6,279.621985,-11.5565797,2.1,2
272.7268699,0.35,21336.21159,1,11.66666667,139.7303061,20.22605388,2.1,395.0904818,0.466666667,15480.15777,2,11.78333333,199.4999413,-30.17069661,2.1,2
761.4077696,8.283333333,27352.70827,3,10.96666667,999.9504892,1.217858815,2.1,360.533859,0.233333333,14282.74852,3,11.55,263.5775627,5.29380849,2.1,2
555.1381643,0.35,18948.03565,4,12.13333333,804.362684,-2.708927014,1.26,554.905762,0.466666667,16362.87395,2,12.48333333,254.2612422,-14.99815236,1.575,2
445.0329335,0.35,12026.23817,6,6.766666667,623.7122069,-4.750251542,1.4,226.5902574,0.466666667,6079.626834,5,7.466666667,82.05592619,-1.63486397,1.26,2
516.5670235,0.7,29100.85986,3,12.6,401.4117693,18.34531654,1.145454545,508.8165863,0.583333333,8989.649679,4,12.13333333,176.6490381,-2.897197742,2.1,2
797.0874371,0.233333333,29166.61794,4,11.08333333,1107.006484,22.30721625,1.8,401.5829669,0.35,15589.89744,3,12.36666667,287.3492572,12.40979681,1.8,2
474.7340102,0.233333333,26411.84319,1,12.6,601.4197819,21.55154925,1.575,347.0542455,2.683333333,11403.25173,2,12.6,140.0224714,4.162779,2.52,2
442.4419955,0.35,25997.38654,3,10.61666667,177.9469184,25.75794538,2.1,347.6727665,0.466666667,16345.56359,3,12.6,203.1460027,7.308291975,2.52,2
291.6360776,0.233333333,7504.942531,4,10.38333333,289.5935702,0.843498374,1.8,334.9968822,0.466666667,24631.22548,5,3.616666667,47.59545647,-4.080787046,2.52,2
848.0137229,0.233333333,16495.76959,3,10.15,1280.649203,-17.93747467,2.1,421.478845,0.35,9767.835076,1,9.566666667,391.7787513,-8.694351663,1.8,2
332.9486748,0.466666667,19290.65725,1,11.78333333,204.7238457,9.125697848,3.15,290.9755525,0.466666667,9590.88285,2,12.25,4.624718787,-0.379373924,2.52,2
456.7465393,0.233333333,13157.18926,3,12.6,676.2463117,4.484766047,3.15,279.4936023,0.35,8659.014214,3,12.6,148.1710855,-4.308437904,1.8,2
463.300653,0.35,20220.61261,4,12.25,548.9973007,-1.213655219,3.15,589.8223749,1.283333333,21980.90746,2,12.6,219.4116894,-8.168032052,1.4,2
434.8559347,0.233333333,22015.85892,5,3.733333333,473.0359252,-3.328471545,3.15,369.2720913,0.233333333,24784.41323,4,4.083333333,122.3201769,-13.94154323,1.4,2
277.2157548,0.583333333,9224.831243,4,11.66666667,299.7797559,-2.361036025,1.575,279.5231013,0.466666667,6581.055092,2,12.6,127.7555426,-8.172833858,1.8,2
337.5206909,0.233333333,13173.50674,5,8.516666667,480.8060807,19.14997485,1.8,222.8804956,0.466666667,9914.265511,3,11.9,160.5646303,7.626392459,3.15,2
463.4242995,0.35,22948.42333,4,12.6,666.5192534,-6.225384352,2.52,330.0170034,0.466666667,16281.58455,3,12.6,222.8288945,-2.865109522,1.4,2
380.191222,0.35,31127.8069,2,12.6,490.4742279,19.20135976,2.1,299.2826027,0.466666667,15922.16163,1,11.9,77.73468307,2.592347051,2.52,2
405.0087119,0.35,11155.41496,5,7.7,393.6910251,-1.06966027,1.26,294.1975685,0.35,7383.392879,4,8.166666667,115.0660066,-4.197014331,1.8,2
395.7099306,0.466666667,17447.90832,5,11.55,582.6731101,16.44700112,1.575,167.3926717,0.816666667,8041.436295,1,12.6,87.70330765,-4.846171915,1.575,2
425.8268234,4.2,12300.68855,5,10.85,364.652393,3.089289776,2.1,276.1544445,0.233333333,8456.203006,5,11.78333333,127.0433075,2.302191515,3.15,2
366.6160418,0.35,22899.63705,4,11.08333333,478.9025175,9.363013061,2.1,223.7765783,0.35,7297.442377,2,11.78333333,111.4162725,-24.65803316,2.1,2
453.8817664,3.383333333,21753.66684,5,11.66666667,569.1185381,14.01729952,1.575,226.7847618,0.35,9285.354453,2,12.25,139.2835907,3.226689751,2.52,2
